{
	"authHost": "http://web:80",
	"authEndpoint": "/broadcasting/auth",
	"clients": [
		{
			"appId": "95950e45e2d5a8d0",
			"key": "04f0f3f0dd010cb477954a16fa8d489b"
		}
	],
	"database": "redis",
	"databaseConfig": {
		"redis" : {
			"port": "6379",
			"host": "redis"
		}
	},
	"devMode": true,
	"host": null,
	"port": "6001",
	"protocol": "http",
	"socketio": {},
	"sslCertPath": "",
	"sslKeyPath": "",
	"sslCertChainPath": "",
	"sslPassphrase": "",
	"apiOriginAllow": {
		"allowCors": true,
		"allowOrigin": "*",
		"allowMethods": "GET, POST",
		"allowHeaders": "Origin, Content-Type, X-Auth-Token, X-Requested-With, Accept, Authorization, X-CSRF-TOKEN, X-Socket-Id"
	}
}